0.1,0.0
0.101,1.1138964479999509e-07
0.102,2.2323768959998863e-07
0.103,3.364858843999787e-07
0.104,4.5200337919997384e-07
0.105,5.705504239999739e-07
0.106,6.92744818799974e-07
0.107,8.190324635999741e-07
0.108,9.496630083999692e-07
0.109,1.0846725031999593e-06
0.11,1.2238715979999495e-06
0.111,1.3668411427999446e-06
0.112,1.5129358875999448e-06
0.113,1.661294532399945e-06
0.114,1.8108576271999451e-06
0.115,1.9603927719999402e-06
0.116,2.1085255667999354e-06
0.117,2.2537761615999354e-06
0.118,2.3946014563999284e-06
0.119,2.5294397511999237e-06
0.12,2.656757945999919e-06
0.121,2.775100440799914e-06
0.122,2.883137285599914e-06
0.123,2.979711180399909e-06
0.124,3.063881075199904e-06
0.125,3.1349609699998993e-06
0.126,3.1925543147998945e-06
0.127,3.2365811595998895e-06
0.128,3.2672973043998847e-06
0.129,3.2853060991998798e-06
0.13,3.2915602939998748e-06
0.131,3.287355288799875e-06
0.132,3.2743129335998797e-06
0.133,3.2543555283998895e-06
0.134,3.2296714231998947e-06
0.135,3.202672617999895e-06
0.136,3.1759445627999e-06
0.137,3.1521894575999097e-06
0.138,3.1341649023999147e-06
0.139,3.1246186471999147e-06
0.14,3.1262216919999146e-06
0.141,3.141500336799914e-06
0.142,3.172769531599909e-06
0.143,3.222069526399904e-06
0.144,3.291106271199904e-06
0.145,3.3811984659999044e-06
0.146,3.4932329107999045e-06
0.147,3.6276277555999045e-06
0.148,3.7843062503999045e-06
0.149,3.9626810451999e-06
0.15,4.161650739999895e-06
0.151,4.37960843479989e-06
0.152,4.614461629599885e-06
0.153,4.8636653743998805e-06
0.154,5.12426536919987e-06
0.155,5.392952963999865e-06
0.156,5.6661296587998605e-06
0.157,5.939979103599851e-06
0.158,6.210546598399841e-06
0.159,6.473824243199836e-06
0.16,6.725839037999836e-06
0.161,6.962741282799836e-06
0.162,7.1808936775998365e-06
0.163,7.376956922399832e-06
0.164,7.547970317199822e-06
0.165,7.691426161999812e-06
0.166,7.805335256799807e-06
0.167,7.888281801599808e-06
0.168,7.939466746399808e-06
0.169,7.958738291199808e-06
0.17,7.946608535999813e-06
0.1709999999999999,7.904255130799822e-06
0.172,7.83350837559982e-06
0.173,7.736824470399831e-06
0.174,7.617243315199841e-06
0.175,7.478332309999851e-06
0.176,7.324118904799861e-06
0.177,7.15901149959987e-06
0.178,6.987709594399875e-06
0.179,6.81510763919988e-06
0.18,6.64619278399989e-06
0.181,6.4859386787999e-06
0.182,6.339198573599904e-06
0.183,6.210599618399904e-06
0.184,6.104441013199909e-06
0.185,6.024597457999914e-06
0.186,5.9744311527999145e-06
0.187,5.956714397599914e-06
0.188,5.973563392399914e-06
0.189,6.026386637199909e-06
0.19,6.115847531999899e-06
0.191,6.241842576799889e-06
0.192,6.4034972215998846e-06
0.193,6.5991776163998796e-06
0.194,6.82651881119987e-06
0.195,7.082469355999865e-06
0.196,7.363351500799865e-06
0.197,7.664935195599861e-06
0.198,7.982523940399856e-06
0.199,8.311051335199857e-06
0.2,8.645187329999851e-06
0.201,8.979450124799841e-06
0.202,9.308320869599836e-06
0.203,9.626360914399836e-06
0.204,9.928327509199828e-06
0.205,1.0209285453999824e-05
0.206,1.0464712648799819e-05
0.207,1.069059654359982e-05
0.208,1.088352053839982e-05
0.209,1.104073663319982e-05
0.21,1.1160224427999815e-05
0.211,1.1240734872799805e-05
0.212,1.12818157675998e-05
0.213,1.12838215123998e-05
0.214,1.1247904757199806e-05
0.215,1.1175990651999817e-05
0.216,1.1070735296799826e-05
0.217,1.0935466991599836e-05
0.218,1.0774114386399846e-05
0.219,1.059112093119985e-05
0.22,1.039134842599985e-05
0.221,1.0179972670799849e-05
0.222,9.962371965599849e-06
0.223,9.744011710399848e-06
0.224,9.530327905199853e-06
0.225,9.326611799999862e-06
0.226,9.137898394799867e-06
0.227,8.968861139599873e-06
0.228,8.823715134399877e-06
0.229,8.706131329199878e-06
0.23,8.619162823999878e-06
0.231,8.565185818799883e-06
0.232,8.545855263599888e-06
0.233,8.562076908399888e-06
0.234,8.613996153199883e-06
0.235,8.70100379799987e-06
0.236,8.82175834279986e-06
0.237,8.97422343759985e-06
0.238,9.155721232399846e-06
0.239,9.362998727199845e-06
0.24,9.592306321999845e-06
0.241,9.839486016799841e-06
0.242,1.0100067611599836e-05
0.243,1.0369370556399837e-05
0.244,1.0642609051199837e-05
0.245,1.0914997995999832e-05
0.246,1.1181857040799827e-05
0.247,1.1438710885599826e-05
0.248,1.1681383130399826e-05
0.249,1.1906081975199826e-05
0.25,1.2109474969999826e-05
0.251,1.2288753514799827e-05
0.252,1.2441682909599823e-05
0.253,1.2566638104399813e-05
0.254,1.2662626299199802e-05
0.255,1.2729293643999796e-05
0.256,1.2766916788799796e-05
0.257,1.2776380083599796e-05
0.258,1.27591398283998e-05
0.259,1.2717175673199805e-05
0.26,1.2652930317999805e-05
0.261,1.2569240562799804e-05
0.262,1.2469260057599804e-05
0.263,1.2356377202399808e-05
0.264,1.2234128747199818e-05
0.265,1.2106112241999827e-05
0.266,1.1975900236799832e-05
0.267,1.1846955931599833e-05
0.268,1.1722554926399837e-05
0.269,1.1605713721199847e-05
0.27,1.1499126165999858e-05
0.271,1.1405110410799862e-05
0.272,1.1325566355599862e-05
0.273,1.1261945400399867e-05
0.274,1.1215232695199877e-05
0.275,1.1185941539999887e-05
0.276,1.1174121034799892e-05
0.277,1.1179374829599887e-05
0.278,1.1200891374399881e-05
0.279,1.1237485169199875e-05
0.28,1.1287645963999866e-05
0.281,1.1349595208799856e-05
0.282,1.1421348803599847e-05
0.283,1.1500783598399848e-05
0.284,1.1585705643199847e-05
0.285,1.1673917987999843e-05
0.286,1.1763286682799833e-05
0.287,1.1851803627599828e-05
0.288,1.1937643422399823e-05
0.289,1.2019212917199818e-05
0.29,1.2095192661999818e-05
0.291,1.216456905679982e-05
0.292,1.2226655901599814e-05
0.293,1.2281104646399808e-05
0.294,1.2327904041199803e-05
0.295,1.2367369735999797e-05
0.296,1.2400121930799792e-05
0.297,1.2427053625599786e-05
0.298,1.2449290520399786e-05
0.299,1.2468143215199785e-05
0.3,1.2485053259999785e-05
0.301,1.2501534354799786e-05
0.302,1.2519111749599786e-05
0.303,1.2539260094399787e-05
0.304,1.2563342989199783e-05
0.305,1.2592555283999777e-05
0.306,1.2627869878799771e-05
0.307,1.2669992123599766e-05
0.308,1.2719321268399767e-05
0.309,1.2775921363199762e-05
0.31,1.2839502757999752e-05
0.311,1.2909414502799742e-05
0.312,1.2984648897599737e-05
0.313,1.3063857342399733e-05
0.314,1.3145377787199727e-05
0.315,1.3227272981999727e-05
0.316,1.3307378826799723e-05
0.317,1.3383362521599718e-05
0.318,1.3452787216399719e-05
0.319,1.3513182761199714e-05
0.32,1.3562120755999709e-05
0.321,1.3597291150799705e-05
0.322,1.36165791455997e-05
0.323,1.36181387403997e-05
0.324,1.36004628851997e-05
0.325,1.3562446729999706e-05
0.326,1.3503441074799712e-05
0.327,1.3423296869599717e-05
0.328,1.3322397664399728e-05
0.329,1.3201678309199737e-05
0.33,1.3062629703999742e-05
0.331,1.2907288648799741e-05
0.332,1.273821334359974e-05
0.333,1.255844393839974e-05
0.334,1.2371448483199744e-05
0.3349999999999999,1.2181056277999775e-05
0.3359999999999999,1.199137872279978e-05
0.3369999999999999,1.1806719967599785e-05
0.3379999999999999,1.1631479562399795e-05
0.3389999999999999,1.14700487071998e-05
0.3399999999999999,1.1326703101999805e-05
0.3409999999999999,1.1205494496799814e-05
0.3419999999999999,1.1110144041599818e-05
0.3429999999999999,1.1043939836399824e-05
0.344,1.1009641431199832e-05
0.345,1.1009394025999832e-05
0.346,1.1044654920799827e-05
0.347,1.1116133115599823e-05
0.348,1.1223745710399818e-05
0.349,1.1366592155199818e-05
0.35,1.1542945599999817e-05
0.351,1.1750264794799813e-05
0.352,1.1985225389599804e-05
0.353,1.2243769484399799e-05
0.354,1.25211747791998e-05
0.355,1.2812141373999794e-05
0.356,1.311089316879979e-05
0.357,1.3411293813599785e-05
0.358,1.3706974158399776e-05
0.359,1.3991468153199767e-05
0.36,1.4258353947999761e-05
0.361,1.450139824279976e-05
0.362,1.4714700087599756e-05
0.363,1.4892829632399752e-05
0.364,1.5030959877199751e-05
0.365,1.5124988071999751e-05
0.366,1.5171643266799745e-05
0.367,1.516857746159974e-05
0.368,1.511443810639974e-05
0.369,1.5008919601199745e-05
0.37,1.4852792545999755e-05
0.371,1.4647909540799765e-05
0.372,1.439718683559977e-05
0.373,1.410456243039977e-05
0.374,1.377493027519977e-05
0.375,1.3414052319999769e-05
0.376,1.3028449514799769e-05
0.377,1.2625274009599773e-05
0.378,1.2212166354399783e-05
0.379,1.1797098699199788e-05
0.38,1.1388208393999787e-05
0.381,1.0993625688799787e-05
0.382,1.0621298933599786e-05
0.383,1.0278821328399786e-05
0.384,9.97326292319979e-06
0.385,9.711012017999801e-06
0.386,9.497629662799806e-06
0.387,9.337719857599811e-06
0.388,9.234819352399822e-06
0.389,9.191309847199832e-06
0.39,9.208353791999832e-06
0.391,9.285856736799827e-06
0.392,9.422455881599827e-06
0.393,9.615536376399827e-06
0.394,9.861275471199827e-06
0.395,1.0154712965999828e-05
0.396,1.0489846910799824e-05
0.397,1.085975265559982e-05
0.398,1.1256723200399814e-05
0.399,1.1672426945199805e-05
0.4,1.20980799899998e-05
0.401,1.2524630384799796e-05
0.402,1.2942948729599792e-05
0.403,1.3344020874399787e-05
0.404,1.3719139669199776e-05
0.405,1.4060091213999772e-05
0.406,1.4359330608799773e-05
0.407,1.4610144153599753e-05
0.408,1.4806794748399749e-05
0.409,1.4944645643199744e-05
0.41,1.5020261187999734e-05
0.411,1.5031481682799735e-05
0.412,1.497747057759974e-05
0.413,1.4858733622399741e-05
0.414,1.4677108167199746e-05
0.415,1.4435724611999755e-05
0.416,1.413893910679976e-05
0.417,1.379223955159976e-05
0.418,1.3402128296399764e-05
0.419,1.2975981491199773e-05
0.42,1.2521890885999784e-05
0.421,1.2048490030799793e-05
0.422,1.1564768825599797e-05
0.423,1.1079881720399797e-05
0.424,1.0602951965199802e-05
0.425,1.0142878209999807e-05
0.426,9.708146654799806e-06
0.427,9.30665234959981e-06
0.428,8.94553524439982e-06
0.429,8.631033589199826e-06
0.43,8.36835718399983e-06
0.431,8.161584528799836e-06
0.432,8.013585573599836e-06
0.433,7.925970818399835e-06
0.434,7.899069663199835e-06
0.435,7.931936207999831e-06
0.436,8.022382502799825e-06
0.437,8.167040297599825e-06
0.438,8.36144709239982e-06
0.439,8.600155637199816e-06
0.44,8.876864431999816e-06
0.441,9.184565226799817e-06
0.442,9.515704321599816e-06
0.443,9.862354466399817e-06
0.4439999999999999,1.0216392761199777e-05
0.4449999999999999,1.0569679855999778e-05
0.4459999999999999,1.0914238000799777e-05
0.4469999999999999,1.1242421795599777e-05
0.4479999999999999,1.1547079240399772e-05
0.4489999999999999,1.1821700185199763e-05
0.4499999999999999,1.2060546029999754e-05
0.4509999999999999,1.225876082479975e-05
0.4519999999999999,1.2412460569599744e-05
0.4529999999999999,1.2518797614399734e-05
0.4539999999999999,1.2576001759199724e-05
0.4549999999999999,1.2583394403999724e-05
0.4559999999999999,1.2541377498799729e-05
0.4569999999999999,1.2451398543599733e-05
0.4579999999999999,1.2315891388399743e-05
0.4589999999999999,1.2138195083199753e-05
0.4599999999999999,1.1922453627999757e-05
0.4609999999999999,1.1673499172799763e-05
0.4619999999999999,1.1396721367599768e-05
0.4629999999999999,1.1097926512399773e-05
0.4639999999999999,1.0783189907199778e-05
0.4649999999999999,1.0458706101999777e-05
0.4659999999999999,1.0130639446799777e-05
0.4669999999999999,9.804979391599782e-06
0.4679999999999999,9.487404236399792e-06
0.469,9.183155481199779e-06
0.47,8.896927175999779e-06
0.471,8.632771620799778e-06
0.472,8.394023765599783e-06
0.473,8.183246660399794e-06
0.474,8.002198005199799e-06
0.475,7.851818149999798e-06
0.476,7.732239744799803e-06
0.477,7.642818989599812e-06
0.478,7.582186634399822e-06
0.479,7.548316429199827e-06
0.48,7.538609473999828e-06
0.481,7.549991818799823e-06
0.482,7.579022613599813e-06
0.483,7.6220088583998036e-06
0.484,7.675124153199794e-06
0.485,7.734528147999789e-06
0.486,7.796482742799783e-06
0.487,7.857461987599773e-06
0.488,7.914252382399763e-06
0.489,7.964042377199753e-06
0.49,8.004495971999744e-06
0.491,8.033810066799734e-06
0.492,8.050755211599724e-06
0.493,8.05469620639972e-06
0.494,8.045592851199725e-06
0.495,8.023982495999735e-06
0.496,7.990943490799739e-06
0.497,7.94804053559974e-06
0.498,7.897254980399744e-06
0.499,7.84090102519975e-06
0.5,7.781531219999754e-06
0.501,7.721833014799764e-06
0.502,7.664520859599774e-06
0.503,7.6122262543997795e-06
0.504,7.567388949199785e-06
0.505,7.5321539439997945e-06
0.506,7.5082757387997995e-06
0.507,7.4970345335997995e-06
0.508,7.4991660783998e-06
0.509,7.5148079231997995e-06
0.51,7.5434642179997995e-06
0.511,7.5839903627998e-06
0.512,7.6345980075998e-06
0.513,7.6928817523998e-06
0.514,7.7558661971998e-06
0.515,7.820072941999801e-06
0.516,7.881606436799796e-06
0.517,7.936256281599791e-06
0.518,7.979613126399792e-06
0.519,8.007195971199791e-06
0.52,8.014587865999791e-06
0.521,7.997573960799791e-06
0.522,7.952281255599791e-06
0.523,7.875314250399796e-06
0.524,7.763882745199806e-06
0.525,7.615918589999811e-06
0.526,7.430176884799816e-06
0.527,7.206318879599821e-06
0.528,6.944974174399821e-06
0.529,6.647778569199821e-06
0.53,6.317386163999826e-06
0.531,5.957455358799836e-06
0.532,5.572606903599845e-06
0.533,5.168355498399854e-06
0.534,4.751014343199859e-06
0.535,4.327575787999863e-06
0.536,3.9055690327998725e-06
0.537,3.492897977599882e-06
0.538,3.0976639223998917e-06
0.539,2.7279756171998963e-06
0.54,2.391751661999896e-06
0.541,2.0965207567999007e-06
0.542,1.8492235015999056e-06
0.543,1.6560205463999104e-06
0.544,1.5221136411999153e-06
0.545,1.4515832359999201e-06
0.546,1.4472480307999202e-06
0.547,1.5105490755999103e-06
0.548,1.6414628203999053e-06
0.549,1.8384471651999054e-06
0.55,2.098421059999906e-06
0.551,2.416779454799901e-06
0.552,2.7874452495998966e-06
0.553,3.202957444399897e-06
0.554,3.6545942391998973e-06
0.555,4.132528683999898e-06
0.556,4.626015128799898e-06
0.557,5.123602423599899e-06
0.558,5.613368718399899e-06
0.559,6.083175063199899e-06
0.56,6.520929907999894e-06
0.561,6.914859352799885e-06
0.562,7.253778497599876e-06
0.5630000000000001,7.527355442399871e-06
0.5640000000000001,7.726362637199871e-06
0.5650000000000001,7.84291063199987e-06
0.5660000000000001,7.870656326799875e-06
0.5670000000000001,7.804980921599881e-06
0.5680000000000001,7.64313441639988e-06
0.569,7.384341061199914e-06
0.57,7.029862655999918e-06
0.571,6.583018200799923e-06
0.572,6.049157345599927e-06
0.573,5.435588990399927e-06
0.574,4.751464635199931e-06
0.575,4.007617979999941e-06
0.576,3.216364524799945e-06
0.577,2.3912643695999442e-06
0.578,1.5468539643999485e-06
0.579,6.983506091999529e-07
0.58,-1.3866374600004779e-07
0.581,-9.485709012000434e-07
0.582,-1.7160515564000342e-06
0.583,-2.4264198616000247e-06
0.584,-3.0659486668000204e-06
0.585,-3.622179022000021e-06
0.586,-4.084206877200021e-06
0.587,-4.4429396324000164e-06
0.588,-4.691316287600012e-06
0.589,-4.824487242800007e-06
0.59,-4.8399479980000016e-06
0.591,-4.737622503200002e-06
0.592,-4.519895358400006e-06
0.593,-4.191591363600011e-06
0.594,-3.7599010188000106e-06
0.595,-3.2342534740000153e-06
0.596,-2.626140379200025e-06
0.597,-1.9488927844000293e-06
0.598,-1.2174159896000287e-06
0.599,-4.4788714480002806e-07
0.6,3.4257674999997263e-07
0.601,1.1362739947999734e-06
0.602,1.915289589599974e-06
0.603,2.6618738343999745e-06
0.604,3.35881972919997e-06
0.605,3.989831623999965e-06
0.606,4.539876918799966e-06
0.607,4.9955115135999615e-06
0.608,5.345173558399952e-06
0.609,5.579438353199947e-06
0.61,5.691227297999947e-06
0.611,5.675966942799952e-06
0.612,5.531695237599957e-06
0.613,5.2591114323999615e-06
0.614,4.861568377199971e-06
0.615,4.3450072219999806e-06
0.616,3.71783611679999e-06
0.617,2.9907545615999992e-06
0.618,2.1765290564000085e-06
0.619,1.2897233012000127e-06
0.62,3.463881460000118e-07
0.621,-6.36279459199989e-07
0.622,-1.6403027143999898e-06
0.623,-2.6473077195999905e-06
0.624,-3.638914924799986e-06
0.625,-4.597129879999982e-06
0.626,-5.5047245351999774e-06
0.627,-6.345601390399968e-06
0.628,-7.105131495599959e-06
0.629,-7.77045960079995e-06
0.63,-8.330769205999941e-06
0.631,-8.777502061199937e-06
0.632,-9.104527166399932e-06
0.633,-9.308255771599922e-06
0.634,-9.387700276799916e-06
0.635,-9.344474931999917e-06
0.636,-9.182740087199916e-06
0.637,-8.909090292399915e-06
0.638,-8.532389897599914e-06
0.639,-8.063559852799913e-06
0.64,-7.515320807999913e-06
0.641,-6.901899013199912e-06
0.642,-6.238700518399912e-06
0.643,-5.541963823599911e-06
0.644,-4.828396878799915e-06
0.645,-4.11480788399992e-06
0.646,-3.4177379391999192e-06
0.647,-2.7531042443999237e-06
0.648,-2.1358623995999283e-06
0.649,-1.5796939547999328e-06
0.65,-1.0967270099999373e-06
0.651,-6.972971151999419e-07
0.652,-3.8975187039995166e-07
0.653,-1.8030317559996148e-07
0.654,-7.293193079997139e-08
0.655,-6.934458599997639e-08
0.656,-1.6898344119997147e-07
0.657,-3.6908899639996164e-07
0.658,-6.648116515999569e-07
0.659,-1.0493709567999523e-06
0.66,-1.5142570119999426e-06
0.661,-2.049467767199938e-06
0.662,-2.6437776223999384e-06
0.6629999999999999,-3.2850288275998628e-06
0.6639999999999999,-3.960439432799853e-06
0.6649999999999999,-4.656919187999849e-06
0.6659999999999999,-5.36138524319985e-06
0.6669999999999999,-6.06107189839985e-06
0.6679999999999999,-6.743823553599851e-06
0.6689999999999999,-7.398366058799851e-06
0.6699999999999999,-8.014550263999852e-06
0.6709999999999999,-8.583560369199853e-06
0.6719999999999999,-9.098083524399853e-06
0.6729999999999999,-9.552437279599848e-06
0.6739999999999999,-9.942651534799838e-06
0.6749999999999999,-1.0266503839999833e-05
0.6759999999999999,-1.0523508095199834e-05
0.6769999999999999,-1.0714858200399835e-05
0.6779999999999999,-1.084332815559983e-05
0.6789999999999999,-1.0913132360799825e-05
0.6799999999999999,-1.0929750715999825e-05
0.6809999999999999,-1.089972327119983e-05
0.6819999999999999,-1.0830421476399835e-05
0.6829999999999999,-1.072980173159984e-05
0.6839999999999999,-1.0606148836799845e-05
0.6849999999999999,-1.0467817241999845e-05
0.6859999999999999,-1.0322975747199851e-05
0.6869999999999999,-1.0179364152399861e-05
0.688,-1.0044069457599866e-05
0.689,-9.923325962799871e-06
0.69,-9.822345467999882e-06
0.691,-9.745183173199892e-06
0.692,-9.694642278399898e-06
0.693,-9.672219533599898e-06
0.694,-9.678093688799899e-06
0.695,-9.711157493999893e-06
0.696,-9.769090899199882e-06
0.697,-9.848474104399873e-06
0.698,-9.944937509599863e-06
0.699,-1.0053342614799853e-05
0.7,-1.0167990569999849e-05
0.701,-1.0282849925199848e-05
0.702,-1.0391798230399844e-05
0.703,-1.0488870085599839e-05
0.704,-1.0568503190799833e-05
0.705,-1.0625776095999823e-05
0.706,-1.0656628251199813e-05
0.707,-1.0658057006399808e-05
0.708,-1.0628284811599808e-05
0.709,-1.0566889866799808e-05
0.71,-1.0474896271999812e-05
0.711,-1.0354819077199823e-05
0.712,-1.0210663032399833e-05
0.713,-1.0047872687599838e-05
0.714,-9.873233042799837e-06
0.715,-9.694725047999842e-06
0.716,-9.521335953199846e-06
0.717,-9.362830108399851e-06
0.718,-9.22948566359986e-06
0.719,-9.131802018799866e-06
0.72,-9.080188123999866e-06
0.721,-9.084638129199862e-06
0.722,-9.154402584399857e-06
0.723,-9.297666039599852e-06
0.724,-9.521239544799841e-06
0.725,-9.830277249999837e-06
0.726,-1.0228025805199838e-05
0.727,-1.0715613860399839e-05
0.728,-1.1291890965599834e-05
0.729,-1.1953320820799825e-05
0.73,-1.2693933325999821e-05
0.731,-1.3505339981199816e-05
0.732,-1.4376814486399813e-05
0.733,-1.5295438791599814e-05
0.734,-1.624631319679981e-05
0.735,-1.72128272019998e-05
0.736,-1.817698680719979e-05
0.737,-1.9119792212399787e-05
0.738,-2.0021657067599783e-05
0.739,-2.0862861072799774e-05
0.74,-2.1624025527999766e-05
0.741,-2.2286600933199764e-05
0.742,-2.2833354088399758e-05
0.743,-2.324884234359975e-05
0.744,-2.3519864598799747e-05
0.745,-2.3635875603999747e-05
0.746,-2.3589351609199747e-05
0.747,-2.337609786439975e-05
0.748,-2.2995488719599762e-05
0.749,-2.2450630724799768e-05
0.75,-2.174844387999977e-05
0.751,-2.0899655435199768e-05
0.752,-1.9918702990399767e-05
0.753,-1.8823548645599766e-05
0.754,-1.7635402600799764e-05
0.755,-1.6378362155999764e-05
0.756,-1.5078971961199763e-05
0.757,-1.3765711866399762e-05
0.758,-1.2468424621599761e-05
0.759,-1.121769247679976e-05
0.76,-1.004417753199976e-05
0.761,-8.977939837199758e-06
0.762,-8.047747992399757e-06
0.763,-7.280398697599756e-06
0.764,-6.700060102799755e-06
0.765,-6.3276560079997595e-06
0.766,-6.180305813199764e-06
0.767,-6.270833868399759e-06
0.768,-6.607362173599754e-06
0.769,-7.192997528799754e-06
0.77,-8.02562193399975e-06
0.771,-9.097795489199746e-06
0.772,-1.0396774794399747e-05
0.773,-1.1904649749599744e-05
0.774,-1.359859880479974e-05
0.775,-1.545125965999974e-05
0.776,-1.743120991519974e-05
0.777,-1.9503548320399738e-05
0.778,-2.163056647559973e-05
0.779,-2.3772497530799727e-05
0.78,-2.588832758599973e-05
0.781,-2.793665209119973e-05
0.782,-2.9876558446399732e-05
0.783,-3.166851725159973e-05
0.784,-3.327526130679973e-05
0.785,-3.466263241199973e-05
0.786,-3.580037726719973e-05
0.787,-3.666287317239973e-05
0.7879999999999999,-3.7229766527599666e-05
0.7889999999999999,-3.7486507882799666e-05
0.7899999999999999,-3.742476983799967e-05
0.7909999999999999,-3.704273749319968e-05
0.7919999999999999,-3.634526209839968e-05
0.7929999999999999,-3.5343871203599676e-05
0.7939999999999999,-3.405663485879967e-05
0.7949999999999999,-3.2507887213999674e-05
0.7959999999999999,-3.072780721919967e-05
0.7969999999999999,-2.875189392439967e-05
0.7979999999999999,-2.6620210379599666e-05
0.7989999999999999,-2.4376652034799663e-05
0.7999999999999999,-2.206812178999966e-05
0.8009999999999999,-1.974349384519966e-05
0.8019999999999999,-1.7452629000399656e-05
0.8029999999999999,-1.5245328905599654e-05
0.8039999999999999,-1.3170295810799652e-05
0.8049999999999999,-1.127403331599965e-05
0.8059999999999999,-9.599869921199648e-06
0.8069999999999999,-8.187039776399647e-06
0.8079999999999999,-7.069752831599646e-06
0.8089999999999999,-6.27643598679965e-06
0.8099999999999999,-5.829073191999655e-06
0.8109999999999999,-5.742677447199655e-06
0.8119999999999999,-6.0249103523996504e-06
0.813,-6.675855507599646e-06
0.814,-7.687954362799642e-06
0.815,-9.046106867999633e-06
0.816,-1.0727935873199625e-05
0.817,-1.270421107839962e-05
0.818,-1.4939423933599617e-05
0.819,-1.7392502638799613e-05
0.82,-2.001765169399961e-05
0.821,-2.2765298949199607e-05
0.822,-2.558312915439961e-05
0.823,-2.8417182909599612e-05
0.824,-3.121299581479962e-05
0.825,-3.391675311999962e-05
0.826,-3.6476435875199616e-05
0.827,-3.884293033039961e-05
0.828,-4.097107808559961e-05
0.829,-4.282064364079961e-05
0.83,-4.43571752959996e-05
0.831,-4.5552742251199604e-05
0.832,-4.6386530356399605e-05
0.833,-4.68452824115996e-05
0.834,-4.69235739667996e-05
0.835,-4.662391737199961e-05
0.836,-4.595669137719961e-05
0.837,-4.493989833239961e-05
0.838,-4.359875428759961e-05
0.839,-4.196512189279961e-05
0.84,-4.0076799097999604e-05
0.841,-3.79766698031996e-05
0.842,-3.57117570583996e-05
0.843,-3.3332187263599604e-05
0.844,-3.08900789687996e-05
0.845,-2.84384019739996e-05
0.846,-2.6029820279199597e-05
0.847,-2.3715549234399594e-05
0.848,-2.1544252339599593e-05
0.849,-1.9561002094799592e-05
0.85,-1.780632999999959e-05
0.851,-1.631538650519959e-05
0.852,-1.5117229810399588e-05
0.853,-1.4234258365599592e-05
0.854,-1.3681802020799596e-05
0.855,-1.34678782259996e-05
0.856,-1.3593118731199606e-05
0.857,-1.40508679863996e-05
0.858,-1.4827447891599596e-05
0.859,-1.5902583846799592e-05
0.86,-1.724997940199959e-05
0.861,-1.883802405719959e-05
0.862,-2.0630617762399592e-05
0.863,-2.2588089867599593e-05
0.864,-2.4668189422799594e-05
0.865,-2.682712362799959e-05
0.866,-2.9020616283199586e-05
0.867,-3.1204961588399585e-05
0.868,-3.333804669359958e-05
0.869,-3.5380317698799577e-05
0.87,-3.7295665703999576e-05
0.871,-3.9052210409199576e-05
0.872,-4.0622964014399576e-05
0.873,-4.198635846959957e-05
0.874,-4.3126623224799574e-05
0.875,-4.403400667999958e-05
0.876,-4.470483648519957e-05
0.877,-4.514141774039957e-05
0.878,-4.5351773745599574e-05
0.879,-4.534923850079958e-05
0.88,-4.5151912255999584e-05
0.881,-4.478199576119958e-05
0.882,-4.426502291639958e-05
0.883,-4.362901332159958e-05
0.884,-4.290356867679958e-05
0.885,-4.211893908199958e-05
0.886,-4.130508573719958e-05
0.887,-4.049076589239958e-05
0.888,-3.970266669759958e-05
0.889,-3.896461300279958e-05
0.89,-3.8296872957999575e-05
0.891,-3.7715580363199576e-05
0.892,-3.723229116839958e-05
0.893,-3.685368962359958e-05
0.894,-3.658145227879958e-05
0.895,-3.641227558399958e-05
0.896,-3.633806728919958e-05
0.897,-3.634629809439958e-05
0.898,-3.642050554959958e-05
0.899,-3.6540935754799574e-05
0.9,-3.6685306059999574e-05
0.901,-3.6829668265199575e-05
0.902,-3.694934777039958e-05
0.903,-3.701992992559957e-05
0.904,-3.7018266580799567e-05
0.905,-3.692347153599957e-05
0.906,-3.6717872991199574e-05
0.907,-3.638789444639957e-05
0.908,-3.592483345159957e-05
0.909,-3.5325510806799567e-05
0.91,-3.4592766761999566e-05
0.911,-3.3735782517199565e-05
0.912,-3.277021162239956e-05
0.913,-3.171810887759956e-05
0.914,-3.060765013279956e-05
0.915,-2.9472643337999557e-05
0.916,-2.8351835043199555e-05
0.917,-2.7288023848399553e-05
0.918,-2.6326997453599552e-05
0.919,-2.5516316408799553e-05
0.92,-2.490397146399955e-05
0.921,-2.453694571919955e-05
0.922,-2.445971917439955e-05
0.923,-2.471275482959955e-05
0.924,-2.5331005734799546e-05
0.925,-2.6342486339999536e-05
0.926,-2.7766950995199532e-05
0.927,-2.9614721050399535e-05
0.928,-3.1885698455599534e-05
0.929,-3.4568603410799536e-05
0.93,-3.764046726599954e-05
0.931,-4.1066407121199535e-05
0.932,-4.4799702876399535e-05
0.933,-4.878218958159954e-05
0.934,-5.2944971536799544e-05
0.935,-5.720945644199955e-05
0.936,-6.148869854719954e-05
0.937,-6.568903295239953e-05
0.938,-6.971197385759908e-05
0.939,-7.345634286279909e-05
0.94,-7.68205856679991e-05
0.941,-7.97052278731991e-05
0.942,-8.20154175783991e-05
0.943,-8.36634943335991e-05
0.944,-8.457152428879909e-05
0.945,-8.467373804399909e-05
0.946,-8.39188059991991e-05
0.947,-8.22718894043991e-05
0.948,-7.97164064095991e-05
0.949,-7.62554572147991e-05
0.95,-7.191285731999909e-05
0.951,-6.673373667519909e-05
0.952,-6.078467008039908e-05
0.953,-5.415331208559908e-05
0.954,-4.6947523690799076e-05
0.955,-3.929398654599907e-05
0.956,-3.133631435119907e-05
0.957,-2.323268110639906e-05
0.958,-1.5152998961599054e-05
0.959,-7.275692216799047e-06
0.96,2.1587867800095955e-07
0.961,7.13727592280096e-06
0.962,1.330704936760096e-05
0.963,1.8550925562400963e-05
0.964,2.2706031307200968e-05
0.965,2.5625056202000972e-05
0.966,2.7180257596800973e-05
0.967,2.7267212241600978e-05
0.968,2.5808217586400982e-05
0.969,2.275525293120098e-05
0.97,1.8092414776000976e-05
0.971,1.1837748870800974e-05
0.972,4.044414665600978e-06
0.973,-5.198872589599023e-06
0.974,-1.5768162844799032e-05
0.975,-2.750537919999904e-05
0.976,-4.022021970519905e-05
0.977,-5.3692845710399064e-05
0.978,-6.767732906559908e-05
0.979,-8.19058133707991e-05
0.98,-9.609332667599911e-05
0.981,-0.00010994316798119911
0.982,-0.00012315277263639913
0.983,-0.00013541994799159913
0.984,-0.00014644935909679914
0.985,-0.00015595913355199913
0.986,-0.00016368744760719914
0.987,-0.00016939895071239915
0.988,-0.00017289088416759917
0.989,-0.00017399874902279918
0.99,-0.0001726013853779992
0.991,-0.0001686253307831992
0.992,-0.00016204833738839918
0.993,-0.00015290193969359918
0.994,-0.00014127298169879917
0.995,-0.00012730403215399915
0.996,-0.00011119263500919914
0.997,-9.318936831439914e-05
0.998,-7.359470721959913e-05
0.999,-5.2754711524799105e-05
1.0,-3.105558447999909e-05
1.001,-8.917175685201524e-06
1.002,1.3214474959600945e-05
1.003,3.487543175439855e-05
1.004,5.559285419920087e-05
1.005,7.489452124399873e-05
1.006,9.231871048880068e-05
1.007,0.00010742423903359902
1.008,0.0001198004622284004
1.009,0.00012907702267319938
1.01,0.00013493313581800003
1.011,0.00013710620391279977
1.012,0.00013539955535759958
1.013,0.00012968911690240022
1.014,0.00011992884164719913
1.015,0.00010615473599200065
1.016,8.848735108679868e-05
1.017,6.713263068160104e-05
1.018,4.238103812639827e-05
1.019,1.4604917371201333e-05
1.02,-1.574592448400206e-05
1.021,-4.8150387539198484e-05
1.022,-8.202394149440227e-05
1.023,-0.00011672808389959843
1.024,-0.0001515812610548023
1.025,-0.00018587108545999853
1.026,-0.00021886765166520222
1.027,-0.0002498377235203988
1.028,-0.00027805954057560196
1.029,-0.00030283797108079924
1.03,-0.00032351972203600155
1.031,-0.0003395083052411998
1.032,-0.000350278454496401
1.033,-0.00035538968810160045
1.034,-0.00035449871690680033
1.035,-0.0003473704111120011
1.036,-0.0003338870573171996
1.037,-0.0003140556605724018
1.038,-0.00028801307627759887
1.039,-0.0002560287915328024
1.04,-0.0002185052125879982
1.041,-0.0001759753601432029
1.042,-0.00012909791874839765
1.043,-7.86496354036032e-05
1.044,-2.551511235879725e-05
1.045,2.9325911735996713e-05
1.046,8.481364708080292e-05
1.047,0.00013982551107559688
1.048,0.00019319531937040285
1.049,0.0002437341267151973
1.05,0.0002902523960600025
1.051,0.000331583139354798
1.052,0.0003666056442996019
1.053,0.0003942693815443988
1.054,0.000413617669139201
1.055,0.00042381066338399986
1.056,0.00042414724672879987
1.057,0.00041408538802360095
1.058,0.00039326056726839864
1.059,0.00036150188006320213
1.06,0.00031884546620799734
1.061,0.0002655449450528032
1.062,0.0002020785852975961
1.063,0.00012915298284240414
1.064,4.770308018719503e-05
1.065,-4.1111583817995175e-05
1.066,-0.0001359144427732058
1.067,-0.00023512327117839485
1.068,-0.00033696527378360624
1.069,-0.00043949574733879494
1.07,-0.0005406201057440062
1.071,-0.0006381189956991955
1.072,-0.0007296761739544057
1.073,-0.0008129087640095966
1.074,-0.0008853994609648047
1.075,-0.0009447302163199981
1.076,-0.000988516896425203
1.077,-0.0010144443864304002
1.078,-0.0010203015930356008
1.079,-0.0010040157929908026
1.08,-0.0009636857763959981
1.081,-0.0008976132412012054
1.082,-0.000804331921006395
1.083,-0.0006826339539116084
1.084,-0.0005315930392667916
1.085,-0.0003505839747720115
1.086,-0.00013929822047718785
1.087,0.00010224480426758553
1.088,0.00037369092141241586
1.089,0.0006743490485571827
1.09,0.0010031937967020196
1.091,0.0013588728212967803
1.092,0.001739718861341623
1.093,0.0021437663295863782
1.094,0.002568772238931226
1.095,0.003012241183875977
1.096,0.0034714540288208282
1.097,0.0039434998926655765
1.098,0.004425310967960431
1.099,0.004913699666405176
1.1,0.0054053975422500315
1.101,0.005897095418094777
1.102,0.0063854841165396315
1.103,0.006867295191834378
1.104,0.007339341055679231
1.105,0.0077985539006239805
1.106,0.00824202284556883
1.107,0.008667028754913583
1.108,0.009071076223158428
1.109,0.009451922263203186
1.11,0.009807601287798026
1.111,0.010136446035942789
1.112,0.010437104163087622
1.113,0.010708550280232392
1.114,0.010950093304977218
1.115,0.011161379059271994
1.116,0.011342388123766815
1.117,0.011493429038411598
1.118,0.011615127005506412
1.119,0.011708408325701202
1.12,0.01177448086089601
1.121,0.011814810877490804
1.122,0.011831096677535607
1.123,0.011825239470930407
1.124,0.011799311980925204
1.125,0.011755525300820009
1.126,0.011696194545464816
1.127,0.011623703848509607
1.128,0.011540471258454416
1.129,0.011448914080199206
1.13,0.011351415190244017
1.131,0.011250290831838806
1.132,0.011147760358283618
1.133,0.011045918355678407
1.134,0.010946709527273217
1.135,0.010851906668318007
1.136,0.010763092004312816
1.137,0.010681642101657608
1.138,0.010608716499202416
1.139,0.01054525013944721
1.14,0.010491949618292015
1.141,0.01044929320443681
1.142,0.010417534517231613
1.143,0.01039670969647641
1.144,0.01038664783777121
1.145,0.01038698442111601
1.146,0.010397177415360809
1.147,0.010416525702955612
1.148,0.010444189440200409
1.149,0.010479211945145213
1.15,0.010520542688440007
1.151,0.010567060957784813
1.152,0.010617599765129607
1.153,0.010670969573424413
1.154,0.010725981437419208
1.155,0.010781469172764013
1.156,0.010836310196858807
1.157,0.010889444719903612
1.158,0.010939893003248406
1.159,0.010986770444643211
1.16,0.011029300297088006
1.161,0.01106682387603281
1.162,0.011098808160777606
1.163,0.011124850745072409
1.164,0.011144682141817207
1.165,0.011158165495612007
1.166,0.011165293801406807
1.167,0.011166184772601607
1.168,0.011161073538996407
1.169,0.011150303389741207
1.1700000000000002,0.011134314806536004
1.171,0.011113633055580807
1.1720000000000002,0.011088854625075605
1.173,0.011060632808020408
1.1740000000000002,0.011029662736165204
1.175,0.010996666169960008
1.1760000000000002,0.010962376345554805
1.177,0.010927523168399608
1.1780000000000002,0.010892819025994404
1.179,0.010858945472039208
1.1800000000000002,0.010826541008984005
1.181,0.010796190167128808
1.1820000000000002,0.010768414046373605
1.183,0.010743662453818408
1.1840000000000002,0.010722307733413206
1.185,0.010704640348508007
1.1860000000000002,0.010690866242852806
1.187,0.010681105967597608
1.1880000000000002,0.010675395529142408
1.189,0.010673688880587208
1.1900000000000002,0.010675861948682008
1.191,0.010681718061826807
1.1920000000000002,0.010690994622271608
1.193,0.010703370845466407
1.1940000000000002,0.010718476374011209
1.195,0.010735900563256007
1.1960000000000002,0.01075520223030081
1.197,0.010775919652745608
1.1980000000000002,0.01079758060954041
1.199,0.010819712260185209
1.2000000000000002,0.010841850668980012
1.201,0.01086354979602481
1.2020000000000002,0.010884389791719613
1.203,0.010903984452814411
1.2040000000000002,0.010921987719509214
1.205,0.010938099116654013
1.2060000000000002,0.010952068066198814
1.207,0.010963697024193614
1.2080000000000002,0.010972843421888414
1.209,0.010979420415283214
1.2100000000000002,0.010983396469878014
1.211,0.010984793833522815
1.2120000000000002,0.010983685968667615
1.213,0.010980194035212415
1.2140000000000002,0.010974482532107215
1.215,0.010966754218052016
1.2160000000000002,0.010957244443596815
1.217,0.010946215032491616
1.2180000000000002,0.010933947857136415
1.219,0.010920738252481216
1.2200000000000002,0.010906888411176013
1.221,0.010892700897870814
1.2220000000000002,0.010878472413565612
1.223,0.010864487930210415
1.2240000000000002,0.010851015304205213
1.225,0.010838300463700015
1.226,0.010826563247344816
1.227,0.010815993957089614
1.228,0.010806750669834414
1.229,0.010798957335629213
1.23,0.010792702669724014
1.231,0.010788039831568813
1.232,0.010784986866913614
1.233,0.010783527872258414
1.234,0.010783614826903215
1.235,0.010785170028298015
1.236,0.010788089053192815
1.237,0.010792244158937616
1.238,0.010797488035132415
1.239,0.010803657808577215
1.24,0.010810579205822015
1.241,0.010818070776716815
1.242,0.010825948083461615
1.243,0.010834027765606415
1.244,0.010842131398851214
1.245,0.010850089071046015
1.246,0.010857742608190814
1.247,0.010864948396585614
1.248,0.010871579754580413
1.249,0.010877528821175214
1.25,0.010882707941820013
1.251,0.010887050541714812
1.252,0.010890511490909614
1.253,0.010893066973904414
1.254,0.010894713890499215
1.255,0.010895468822544014
1.256,0.010895366608788815
1.257,0.010894458578833614
1.258,0.010892810502078415
1.259,0.010890500312373215
1.26,0.010887615670168015
1.261,0.010884251427362815
1.262,0.010880507058357615
1.263,0.010876484117452415
1.264,0.010872283783047214
1.265,0.010868004540942014
1.266,0.010863740056036814
1.267,0.010859577274081616
1.268,0.010855594787376415
1.269,0.010851861491621215
1.27,0.010848435551766015
1.271,0.010845363687910815
1.272,0.010842680782955616
1.273,0.010840409805550415
1.274,0.010838562035495216
1.275,0.010837137570840016
1.276,0.010836126090234816
1.277,0.010835507839329616
1.278,0.010835254803674416
1.279,0.010835332030219216
1.28,0.010835699055964015
1.281,0.010836311400908816
1.282,0.010837122081953617
1.283,0.010838083108348417
1.284,0.010839146919543217
1.285,0.010840267727838016
1.286,0.010841402734632816
1.287,0.010842513193377616
1.288,0.010843565296122416
1.289,0.010844530867017216
1.29,0.010845387851262017
1.291,0.010846120595306817
1.292,0.010846719917951617
1.293,0.010847182978946417
1.294,0.010847512957491217
1.2950000000000002,0.010847718556036017
1.296,0.010847813351080817
1.2970000000000002,0.010847815014425617
1.298,0.010847744432270417
1.2990000000000002,0.010847624752765217
1.3,0.010847480390560016
1.3010000000000002,0.010847336020254816
1.302,0.010847215590049615
1.3030000000000002,0.010847141382594416
1.304,0.010847133151789215
1.3050000000000002,0.010847207360084016
1.306,0.010847376536778816
1.3070000000000002,0.010847648774123617
1.308,0.010848027375668418
1.3090000000000002,0.010848510664863219
1.31,0.010849091957458019
1.3110000000000002,0.01084975969750282
1.312,0.01085049775119762
1.3130000000000002,0.01085128585039242
1.314,0.01085210017023722
1.3150000000000002,0.01085291402358202
1.316,0.01085369865317682
1.3170000000000002,0.01085442409782162
1.318,0.010855060107416421
1.3190000000000002,0.010855577080261221
1.32,0.010855946996756021
1.3210000000000002,0.010856144323000822
1.322,0.010856146858245623
1.3230000000000002,0.010855936502240423
1.324,0.010855499920985223
1.3250000000000002,0.010854829091180023
1.326,0.010853921707724824
1.3270000000000002,0.010852781442969623
1.328,0.010851418048514423
1.3290000000000002,0.010849847294909223
1.33,0.010848090750204023
1.3310000000000002,0.010846175402198822
1.332,0.010844133131193623
1.3330000000000002,0.010842000046088422
1.334,0.010839815700783222
1.3350000000000002,0.010837622208128022
1.336,0.010835463273922822
1.3370000000000002,0.010833383174367621
1.338,0.010831425702262422
1.3390000000000002,0.010829633108557222
1.34,0.010828045063902022
1.3410000000000002,0.010826697668346822
1.342,0.010825622532391622
1.3430000000000002,0.010824845952486423
1.344,0.010824388203231223
1.3450000000000002,0.010824262962726023
1.346,0.010824476886520823
1.3470000000000002,0.010825029342865623
1.348,0.010825912314310423
1.3490000000000002,0.010827110471005224
1.35,0.010828601414500023
1.351,0.010830356086594823
1.352,0.010832339336839622
1.353,0.010834510633734421
1.354,0.010836824904779222
1.355,0.010839233486474023
1.356,0.010841685163468824
1.357,0.010844127271763624
1.358,0.010846506841558424
1.359,0.010848771754303224
1.36,0.010850871883598024
1.361,0.010852760206392824
1.362,0.010854393838787625
1.363,0.010855734982832425
1.364,0.010856751775877225
1.365,0.010857419001872025
1.366,0.010857718658466825
1.367,0.010857640366911624
1.368,0.010857181614856425
1.369,0.010856347826751225
1.37,0.010855152259796025
1.371,0.010853615728140824
1.372,0.010851766162585624
1.373,0.010849638014830425
1.374,0.010847271520375224
1.375,0.010844711837620024
1.376,0.010842008080314824
1.377,0.010839212267409625
1.378,0.010836378213654425
1.379,0.010833560383449225
1.38,0.010830812736194025
1.381,0.010828187587138825
1.382,0.010825734508433625
1.383,0.010823499295578425
1.384,0.010821523020373225
1.385,0.010819841191368026
1.386,0.010818483038862826
1.387,0.010817470940007626
1.388,0.010816819994852426
1.389,0.010816537761947227
1.39,0.010816624157692026
1.391,0.010817071520486827
1.392,0.010817864837331626
1.393,0.010818982124276426
1.394,0.010820394954421225
1.395,0.010822069117816024
1.396,0.010823965380310824
1.397,0.010826040413405624
1.398,0.010828247713500425
1.399,0.010830538578345225
1.4,0.010832863206290025
1.401,0.010835171736534826
1.402,0.010837415294879625
1.403,0.010839546978424425
1.404,0.010841522891719226
1.405,0.010843302971714026
1.406,0.010844851719358825
1.407,0.010846138955703626
1.408,0.010847140346598425
1.409,0.010847837821993226
1.41,0.010848219854338027
1.411,0.010848281592382826
1.412,0.010848024851027626
1.413,0.010847457957672427
1.414,0.010846595461767227
1.415,0.010845457716912027
1.416,0.010844070345806827
1.417,0.010842463601751626
1.418,0.010840671642946427
1.419,0.010838731736591226
1.4200000000000002,0.010836683412086026
1.421,0.010834567582030826
1.4220000000000002,0.010832425650975626
1.423,0.010830298632820427
1.4240000000000002,0.010828226294415226
1.425,0.010826246344160026
1.4260000000000002,0.010824393683304826
1.427,0.010822699734249626
1.4280000000000002,0.010821191859294426
1.429,0.010819892879989227
1.4300000000000002,0.010818820706434027
1.431,0.010817988082028827
1.4320000000000002,0.010817402446673627
1.433,0.010817065918368427
1.4340000000000002,0.010816975390313227
1.435,0.010817122740508027
1.4360000000000002,0.010817495144602826
1.437,0.010818075483197626
1.4380000000000002,0.010818842832492426
1.439,0.010819773024337226
1.4400000000000002,0.010820839262032027
1.441,0.010822012776976827
1.4420000000000002,0.010823263509121628
1.443,0.010824560796366428
1.4440000000000002,0.010825874056461229
1.445,0.010827173446656029
1.4460000000000002,0.010828430487100828
1.447,0.010829618633145629
1.4480000000000002,0.01083071378749043
1.449,0.010831694739935229
1.4500000000000002,0.010832543528380029
1.451,0.010833245715224829
1.4520000000000002,0.01083379057321963
1.453,0.01083417118236443
1.4540000000000002,0.01083438443610923
1.455,0.01083443096010403
1.4560000000000002,0.01083431494909883
1.457,0.01083404392684363
1.4580000000000002,0.010833628438588429
1.459,0.010833081685433229
1.4600000000000002,0.01083241911002803
1.461,0.01083165794557283
1.4620000000000002,0.01083081674156763
1.463,0.01082991487671243
1.4640000000000002,0.01082897207130723
1.465,0.01082800791170203
1.4660000000000002,0.010827041397696831
1.467,0.01082609052329163
1.4680000000000002,0.01082517189898643
1.469,0.01082430042448123
1.4700000000000002,0.01082348901782603
1.471,0.010822748405320829
1.4720000000000002,0.010822086975465628
1.473,0.010821510698360428
1.4740000000000002,0.010821023110305228
1.475,0.010820625361750028
1.476,0.010820316324044827
1.477,0.010820092750539627
1.478,0.010819949487084427
1.479,0.010819879722629227
1.48,0.010819875272624027
1.481,0.010819926886518828
1.482,0.010820024570163627
1.483,0.010820157914608428
1.484,0.010820316420453228
1.485,0.010820489809548028
1.486,0.01082066831754283
1.487,0.010820842957187628
1.488,0.010821005747532428
1.489,0.010821149903577227
1.49,0.010821269980772028
1.491,0.010821361974366828
1.492,0.010821423369311628
1.493,0.010821453141506428
1.494,0.010821451712751229
1.495,0.010821420860596028
1.496,0.010821363587690829
1.497,0.010821283954585629
1.498,0.010821186882730429
1.499,0.010821077934425228
1.5,0.010820963075070028
1.501,0.010820848427114827
1.502,0.010820740022009627
1.503,0.010820643558604428
1.504,0.010820564175399228
1.505,0.010820506241994028
1.506,0.010820473178188827
1.507,0.010820467304033627
1.508,0.010820489726778426
1.509,0.010820540267673226
1.51,0.010820617429968026
1.511,0.010820718410462825
1.512,0.010820839153957625
1.513,0.010820974448652425
1.514,0.010821118060247225
1.515,0.010821262901742025
1.516,0.010821401233336825
1.517,0.010821524886231625
1.518,0.010821625505976425
1.519,0.010821694807771225
1.52,0.010821724835216024
1.521,0.010821708216860824
1.522,0.010821638412655623
1.523,0.010821509942700423
1.524,0.010821318592595223
1.525,0.010821061588340022
1.526,0.010820737736034822
1.527,0.010820347521779622
1.528,0.010819893168024421
1.529,0.010819378644869222
1.53,0.010818809634764021
1.531,0.010818193450558821
1.532,0.010817538908053622
1.533,0.010816856156398422
1.534,0.010816156469743222
1.535,0.010815452003688022
1.536,0.010814755523932821
1.537,0.010814080113327622
1.538,0.010813438862122422
1.539,0.010812844552267222
1.54,0.010812309341512021
1.541,0.01081184445545682
1.542,0.01081145989615162
1.543,0.01081116417349642
1.544,0.01081096406794122
1.5450000000000002,0.01081086442908602
1.546,0.01081086801643082
1.5470000000000002,0.01081097538767562
1.548,0.010811184836370419
1.5490000000000002,0.01081149238161522
1.55,0.01081189181151002
1.5510000000000002,0.01081237477845482
1.552,0.01081293094689962
1.5530000000000002,0.01081354818874442
1.554,0.010814212822439221
1.5550000000000002,0.010814909892384022
1.556,0.010815623481378822
1.5570000000000002,0.010816337048323622
1.558,0.010817033785018422
1.5590000000000002,0.010817696983513222
1.56,0.010818310405308023
1.5610000000000002,0.010818858644352823
1.562,0.010819327474397624
1.5630000000000002,0.010819704174792423
1.564,0.010819977824587223
1.5650000000000002,0.010820139559432023
1.566,0.010820182784776823
1.5670000000000002,0.010820103340271623
1.568,0.010819899611666423
1.5690000000000002,0.010819572586561223
1.57,0.010819125853706023
1.5710000000000002,0.010818565544100824
1.572,0.010817900215995624
1.5730000000000002,0.010817140685890424
1.574,0.010816299809035224
1.5750000000000002,0.010815392214380024
1.576,0.010814433999424824
1.5770000000000002,0.010813442392219624
1.578,0.010812435387214424
1.5790000000000002,0.010811431363959224
1.58,0.010810448696354023
1.5810000000000002,0.010809505361198823
1.582,0.010808618555443622
1.5830000000000002,0.010807804329938423
1.584,0.010807077248383224
1.5850000000000002,0.010806450077278023
1.586,0.010805933516122824
1.5870000000000002,0.010805535973067623
1.588,0.010805263389262423
1.5890000000000002,0.010805119117557223
1.59,0.010805103857202023
1.5910000000000002,0.010805215646146824
1.592,0.010805449910941624
1.5930000000000002,0.010805799572986424
1.594,0.010806255207581224
1.5950000000000002,0.010806805252876023
1.596,0.010807436264770823
1.5970000000000002,0.010808133210665623
1.598,0.010808879794910423
1.5990000000000002,0.010809658810505223
1.6,0.010810452507750024
1.601,0.010811242971644824
1.602,0.010812012500489625
1.603,0.010812743977284425
1.604,0.010813421224879225
1.605,0.010814029337974025
1.606,0.010814554985518825
1.607,0.010814986675863626
1.608,0.010815314979858427
1.609,0.010815532707003226
1.61,0.010815635032498026
1.611,0.010815619571742825
1.612,0.010815486400787624
1.613,0.010815238024132425
1.614,0.010814879291377226
1.615,0.010814417263522025
1.616,0.010813861033166824
1.617,0.010813221504361625
1.618,0.010812511136056425
1.619,0.010811743655401225
1.62,0.010810933748246024
1.621,0.010810096733890825
1.622,0.010809248230535624
1.623,0.010808403820130425
1.624,0.010807578719975225
1.625,0.010806787466520026
1.626,0.010806043619864826
1.627,0.010805359495509625
1.628,0.010804745927154425
1.629,0.010804212066299225
1.63,0.010803765221844026
1.631,0.010803410743438826
1.632,0.010803151950083625
1.633,0.010802990103578426
1.634,0.010802924428173226
1.635,0.010802952173868027
1.636,0.010803068721862827
1.637,0.010803267729057627
1.638,0.010803541306002426
1.639,0.010803880225147226
1.64,0.010804274154592026
1.641,0.010804711909436826
1.642,0.010805181715781625
1.643,0.010805671482076425
1.644,0.010806169069371225
1.645,0.010806662555816025
1.646,0.010807140490260825
1.647,0.010807592127055624
1.648,0.010808007639250425
1.649,0.010808378305045226
1.65,0.010808696663440025
1.651,0.010808956637334825
1.652,0.010809153621679625
1.653,0.010809284535424424
1.654,0.010809347836469224
1.655,0.010809343501264024
1.656,0.010809272970858824
1.657,0.010809139063953624
1.658,0.010808945860998424
1.659,0.010808698563743224
1.66,0.010808403332838024
1.661,0.010808067108882824
1.662,0.010807697420577625
1.663,0.010807302186522424
1.664,0.010806889515467225
1.665,0.010806467508712024
1.666,0.010806044070156824
1.667,0.010805626729001623
1.668,0.010805222477596424
1.669,0.010804837629141225
1.6700000000000002,0.010804477698336024
1.671,0.010804147305930824
1.6720000000000002,0.010803850110325624
1.673,0.010803588765620424
1.6740000000000002,0.010803364907615224
1.675,0.010803179165910023
1.6760000000000002,0.010803031201754822
1.677,0.010802919770249622
1.6780000000000002,0.010802842803244422
1.679,0.010802797510539223
1.6800000000000002,0.010802780496634024
1.681,0.010802787888528823
1.6820000000000002,0.010802815471373623
1.683,0.010802858828218423
1.6840000000000002,0.010802913478063223
1.685,0.010802975011558023
1.6860000000000002,0.010803039218302822
1.687,0.010803102202747623
1.6880000000000002,0.010803160486492422
1.689,0.010803211094137222
1.6900000000000002,0.010803251620282022
1.691,0.010803280276576822
1.6920000000000002,0.010803295918421623
1.693,0.010803298049966423
1.6940000000000002,0.010803286808761223
1.695,0.010803262930556024
1.6960000000000002,0.010803227695550824
1.697,0.010803182858245624
1.6980000000000002,0.010803130563640424
1.699,0.010803073251485223
1.7000000000000002,0.010803013553280023
1.701,0.010802954183474822
1.7020000000000002,0.010802897829519622
1.703,0.010802847043964421
1.7040000000000002,0.01080280414100922
1.705,0.01080277110200402
1.7060000000000002,0.010802749491648821
1.707,0.010802740388293621
1.7080000000000002,0.01080274432928842
1.709,0.01080276127443322
1.7100000000000002,0.01080279058852802
1.711,0.01080283104212282
1.7120000000000002,0.01080288083211762
1.713,0.01080293762251242
1.7140000000000002,0.01080299860175722
1.715,0.01080306055635202
1.7160000000000002,0.01080311996034682
1.717,0.010803173075641619
1.7180000000000002,0.010803216061886419
1.719,0.010803245092681218
1.7200000000000002,0.010803256475026017
1.721,0.010803246768070818
1.7220000000000002,0.010803212897865618
1.723,0.010803152265510417
1.7240000000000002,0.010803062844755218
1.725,0.010802943266350017
1.726,0.010802792886494817
1.727,0.010802611837839617
1.728,0.010802401060734417
1.729,0.010802162312879218
1.73,0.010801898157324017
1.731,0.010801611929018818
1.732,0.010801307680263618
1.733,0.010800990105108418
1.734,0.010800664445053218
1.735,0.010800336378398018
1.736,0.010800011894592818
1.737,0.010799697157987618
1.738,0.010799398363132418
1.739,0.010799121585327219
1.74,0.010798872630872019
1.741,0.010798656889416818
1.742,0.010798479193111618
1.743,0.010798343685956419
1.744,0.010798253707001219
1.745,0.010798211690096019
1.746,0.010798219082740819
1.747,0.010798276286885618
1.748,0.010798382623930418
1.749,0.010798536323675218
1.75,0.010798734538470018
1.751,0.010798973384314818
1.752,0.010799248005259618
1.753,0.010799552662704418
1.754,0.010799880846499217
1.755,0.010800225404644018
1.756,0.010800578691738819
1.757,0.01080093273003362
1.758,0.01080127938017842
1.759,0.01080161051927322
1.76,0.01080191822006802
1.761,0.01080219492886282
1.762,0.01080243363740762
1.763,0.01080262804420242
1.764,0.01080277270199722
1.765,0.010802863148292019
1.766,0.010802896014836819
1.767,0.01080286911368162
1.768,0.01080278149892642
1.769,0.01080263349997122
1.77,0.01080242672731602
1.771,0.01080216405091082
1.772,0.01080184954925562
1.773,0.010801488432150421
1.774,0.010801086937845221
1.775,0.01080065220629002
1.776,0.01080019213253482
1.777,0.010799715202779621
1.778,0.01079923031567442
1.779,0.01079874659446922
1.78,0.01079827319361402
1.781,0.01079781910300882
1.782,0.010797392956203621
1.783,0.01079700284494842
1.784,0.01079665614539322
1.785,0.01079635935988802
1.786,0.010796117976332821
1.787,0.010795936350877621
1.788,0.01079581761392242
1.789,0.010795763602817221
1.79,0.010795774823312022
1.791,0.010795850438856822
1.792,0.010795988289751621
1.793,0.01079618494034642
1.794,0.01079643575389122
1.7950000000000002,0.01079673499328602
1.796,0.01079707594483082
1.7970000000000002,0.01079745106362562
1.798,0.01079785213577042
1.7990000000000002,0.01079827045411522
1.8,0.01079869700451002
1.8010000000000002,0.010799122657554821
1.802,0.010799538361299621
1.803,0.010799935331844422
1.804,0.010800305237589222
1.805,0.010800640371534023
1.806,0.010800933809028822
1.807,0.010801179548123622
1.808,0.010801372628618423
1.809,0.010801509227763222
1.81,0.010801586730708022
1.811,0.010801603774652823
1.812,0.010801560265147623
1.813,0.010801457364642423
1.814,0.010801297454837223
1.815,0.010801084072482023
1.816,0.010800821821576823
1.817,0.010800516263171623
1.818,0.010800173785566422
1.819,0.010799801458811223
1.82,0.010799406876106022
1.821,0.010798997985800822
1.822,0.010798582918145623
1.823,0.010798169810490423
1.824,0.010797766634985223
1.825,0.010797381032180023
1.826,0.010797020154224823
1.827,0.010796690522069623
1.828,0.010796397897664423
1.829,0.010796147174959223
1.83,0.010795942291954023
1.831,0.010795786164898824
1.832,0.010795680646393623
1.833,0.010795626507038423
1.834,0.010795623441233223
1.835,0.010795670096428022
1.836,0.010795764124622822
1.837,0.010795902254867621
1.838,0.010796080384412422
1.839,0.010796293686257221
1.84,0.01079653673055202
1.841,0.01079680361634682
1.842,0.01079708811034162
1.843,0.01079738379068642
1.844,0.01079768419133122
1.845,0.01079798294312602
1.846,0.01079827390972082
1.847,0.01079855131501562
1.848,0.01079880985911042
1.849,0.01079904481970522
1.85,0.010799252138900019
1.851,0.01079942849234482
1.852,0.010799571338789619
1.853,0.01079967895138442
1.854,0.01079975042957922
1.855,0.01079978569047402
1.856,0.010799785443068819
1.857,0.01079975114466362
1.858,0.01079968494045842
1.859,0.01079958959000322
1.86,0.01079946838139802
1.861,0.01079932503579282
1.862,0.01079916360493762
1.863,0.010798988364532419
1.864,0.010798803705777219
1.865,0.010798614028222018
1.866,0.010798423636016819
1.867,0.010798236640561619
1.868,0.010798056871156418
1.869,0.010797887795851217
1.87,0.010797732454796018
1.871,0.010797593406190818
1.872,0.010797472686835619
1.873,0.01079737178763042
1.874,0.01079729164342522
1.875,0.01079723263777002
1.876,0.01079719462161482
1.877,0.01079717694575962
1.878,0.01079717850535442
1.879,0.010797197793349221
1.88,0.01079723296374402
1.881,0.010797281901738821
1.882,0.010797342297283621
1.883,0.010797411721978421
1.884,0.010797487705673221
1.885,0.01079756781151802
1.886,0.01079764970671282
1.887,0.01079773122715762
1.888,0.01079781043560242
1.889,0.010797885669997221
1.89,0.01079795558174202
1.891,0.01079801916313682
1.892,0.010798075763231621
1.893,0.010798125092376421
1.894,0.010798167214621221
1.895,0.010798202529216022
1.896,0.010798231741510822
1.897,0.010798255824405622
1.898,0.010798275972750421
1.899,0.010798293550145222
1.9,0.010798310031240021
1.901,0.010798326941284821
1.902,0.01079834579397962
1.903,0.01079836803087442
1.904,0.01079839496256922
1.905,0.01079842771476402
1.906,0.01079846718045882
1.907,0.010798513979853621
1.908,0.01079856842859842
1.909,0.010798630515443221
1.91,0.010798699891838022
1.911,0.010798775871582822
1.912,0.01079885744107762
1.913,0.010798943280872421
1.914,0.010799031797817221
1.915,0.010799121166512021
1.916,0.010799209378856822
1.917,0.010799294300901622
1.918,0.010799373735696421
1.919,0.010799445489291222
1.92,0.010799507438536022
1.921,0.010799557599330822
1.922,0.010799594193125622
1.923,0.010799615709670422
1.924,0.010799620963465222
1.925,0.010799609142960022
1.926,0.010799579851804823
1.927,0.010799533139099622
1.928,0.010799469518144422
1.929,0.010799389974089222
1.93,0.010799295958334022
1.931,0.010799189370778822
1.932,0.010799072529573621
1.933,0.01079894812856842
1.934,0.01079881918426322
1.935,0.01079868897225802
1.936,0.01079856095575282
1.937,0.010798438707297619
1.938,0.010798325824442418
1.939,0.010798225843937219
1.94,0.010798142154182018
1.941,0.010798077908826817
1.942,0.010798035944671618
1.943,0.010798018704416419
1.944,0.01079802816771122
1.945,0.010798065790856019
1.946,0.010798132458200818
1.947,0.010798228446395618
1.948,0.010798353401590419
1.949,0.01079850633098522
1.95,0.010798685609530019
1.951,0.01079888900252482
1.952,0.01079911370136962
1.953,0.01079935637361442
1.954,0.01079961322745922
1.955,0.010799880086504019
1.956,0.01080015247544882
1.957,0.01080042571394362
1.958,0.01080069501688842
1.959,0.01080095559848322
1.96,0.010801202778178021
1.961,0.01080143208577282
1.962,0.010801639363267621
1.963,0.010801820861062421
1.964,0.01080197332615722
1.965,0.01080209408070202
1.966,0.01080218108834682
1.967,0.01080223300759162
1.968,0.01080224922923642
1.969,0.01080222989868122
1.97,0.01080217592167602
1.971,0.01080208895317082
1.972,0.01080197136936562
1.973,0.010801826223360421
1.974,0.01080165718610522
1.975,0.010801468472700021
1.976,0.010801264756594821
1.977,0.01080105107278962
1.978,0.01080083271253442
1.979,0.01080061511182922
1.98,0.010800403736074021
1.981,0.010800203963568821
1.982,0.010800020970113622
1.983,0.010799859617508421
1.984,0.010799724349203222
1.985,0.010799619093848021
1.986,0.010799547179742821
1.987,0.01079951126298762
1.988,0.01079951326873242
1.989,0.01079955434962722
1.99,0.010799634860072021
1.991,0.01079975434786682
1.992,0.010799911563961621
1.993,0.010800104487956421
1.994,0.010800330371851222
1.995,0.010800585799046022
1.996,0.010800866756990822
1.997,0.010801168723585622
1.998,0.010801486763630422
1.999,0.010801815634375222
2.0,0.010802149897170021
2.001,0.010802484033164821
2.002,0.010802812560559621
2.003,0.010803130149304422
2.004,0.010803431732999223
2.005,0.010803712615144023
2.006,0.010803968565688823
2.007,0.010804195906883623
2.008,0.010804391587278422
2.009,0.010804553241923223
2.01,0.010804679236968023
2.011,0.010804768697862822
2.012,0.010804821521107623
2.013,0.010804838370102423
2.014,0.010804820653347223
2.015,0.010804770487042023
2.016,0.010804690643486823
2.017,0.010804584484881623
2.018,0.010804455885926424
2.019,0.010804309145821223
2.02,0.010804148891716023
2.021,0.010803979976860823
2.022,0.010803807374905623
2.023,0.010803636073000422
2.024,0.010803470965595223
2.025,0.010803316752190022
2.026,0.010803177841184822
2.027,0.010803058260029622
2.028,0.010802961576124422
2.029,0.010802890829369222
2.03,0.010802848475964022
2.031,0.010802836346208822
2.032,0.010802855617753621
2.033,0.010802906802698421
2.034,0.01080298974924322
2.035,0.010803103658338021
2.036,0.010803247114182821
2.037,0.01080341812757762
2.038,0.01080361419082242
2.039,0.01080383234321722
2.04,0.01080406924546202
2.041,0.01080432126025682
2.042,0.01080458453790162
2.043,0.01080485510539642
2.044,0.010805128954841219
2.045,0.010805402131536019
2.046,0.010805670819130819
2.047,0.01080593141912562
2.048,0.010806180622870419
2.049,0.010806415476065218
2.05,0.010806633433760019
2.051,0.010806832403454819
2.052,0.010807010778249618
2.053,0.010807167456744418
2.054,0.010807301851589218
2.055,0.010807413886034017
2.056,0.010807503978228817
2.057,0.010807573014973617
2.058,0.010807622314968417
2.059,0.010807653584163216
2.06,0.010807668862808017
2.061,0.010807670465852817
2.062,0.010807660919597617
2.063,0.010807642895042416
2.064,0.010807619139937216
2.065,0.010807592411882016
2.066,0.010807565413076816
2.067,0.010807540728971615
2.068,0.010807520771566414
2.069,0.010807507729211215
2.07,0.010807503524206015
2.071,0.010807509778400814
2.072,0.010807527787195613
2.073,0.010807558503340413
2.074,0.010807602530185213
2.075,0.010807660123530013
2.076,0.010807731203424813
2.077,0.010807815373319613
2.078,0.010807911947214413
2.079,0.010808019984059213
2.08,0.010808138326554013
2.081,0.010808265644748813
2.082,0.010808400483043613
2.083,0.010808541308338413
2.084,0.010808686558933214
2.085,0.010808834691728013
2.086,0.010808984226872813
2.087,0.010809133789967612
2.088,0.010809282148612412
2.089,0.010809428243357212
2.09,0.010809571212902012
2.091,0.010809710411996812
2.092,0.010809845421491611
2.093,0.01080997605203641
2.094,0.01081010233968121
2.095,0.010810224534076011
2.096,0.010810343081120811
2.097,0.010810458598615612
2.098,0.010810571846810411
2.099,0.010810683694855211
2.1,0.010810795084500011
